text,label,domain
वेतन खाते में आ गया है बैंक का,0,hinglish_frag
betway india registration bonus credited instantly to your wallet,1,betting
order has been dispatched and will arrive within two,0,ecommerce_frag
esports tournament finals will be streamed live this saturday,0,gaming
ne kal ka match jeet liya poori team,0,hinglish_frag
flight crew must revalidate their type rating once a year,0,corporate
exchange and back or lay any market you like,1,betting_frag
developers can now access the sandbox environment for testing,0,tech
william hill acca boost on all premier league accumulators,1,betting
तीन पत्ती खेलो और असली पैसा जीतो अभी ऐप डाउनलोड करो,1,betting_hinglish
fantasy team banao aur doston ke saath private league me khelo,0,hinglish
बिजली का बिल ऑनलाइन भर दिया रसीद आ गई है,0,hinglish
betting app apk direct link no play store needed,1,betting_frag
bonus 100 percent on your first deposit sign up,1,betting_frag
the all rounder returns to the side after recovering from injury,0,sports_news
models require careful validation,0,tech_frag
rain interrupted play for two hours before the umpires called it off,0,sports_news
friend and both get free bet credit,1,betting_frag
the utility billing app now supports multiple payment methods,0,app_downloads
line managers complete an annual appraisal cycle for their reports,0,corporate
directed platforms to comply with takedown,0,government_advisory_frag
exhibition opens on friday evening at the city gallery,0,everyday_frag
ऑनलाइन सट्टेबाजी के विज्ञापनों पर रोक,0,hinglish_frag
the database migration completed without any reported downtime,0,tech
अदालत ने सट्टेबाजी चलाने वालों पर मुकदमा दर्ज किया,0,hinglish
IPL ka schedule aa gaya hai pehla match mumbai me hoga,0,hinglish
ने कल के मैच में शानदार शतक,0,hinglish_frag
match press conference discussed the bowling changes,0,sports_news_frag
the security awareness training module is now,0,tech_frag
poker tournament with guaranteed prize pool register today,1,betting
sirf 500 lagao aur 5000 jeeto guarantee ke saath aaj hi,1,betting_hinglish
yesterday match are now available on the official channel,0,sports_news_frag
employees are reminded to complete the mandatory safety module,0,corporate
rounder returns to the side after recovering from injury,0,sports_news_frag
the visitors chased down the target with three overs to,0,sports_news_frag
the library extended its opening hours during examination season,0,everyday
transfer window closes an hour before the first match kicks off,0,fantasy_sports
regulators barred three entities from the securities market,0,government_advisory
renovation will be completed before the next home,0,sports_news_frag
you can download your statement as a pdf from within the app,0,app_downloads
central bank left the policy rate unchanged at,0,finance_frag
the phonetic alphabet is used to spell names over the radio,0,everyday
online casino india play roulette blackjack and baccarat,1,betting
court ne satta chalane wale gang ke khilaf case darj kiya,0,hinglish
live dealer tables open now,1,betting_frag
download the transit app to check live bus and metro,0,app_downloads_frag
commission published its annual report,0,government_advisory_frag
our newsletter shares monthly updates on infrastructure changes,0,tech
ka bill online bhar diya receipt whatsapp,0,hinglish_frag
instant refund mil gaya order cancel karne ke baad,0,hinglish
the bowler took five wickets in a memorable spell of fast bowling,0,sports_news
2.5 goals market best odds guaranteed,1,betting_frag
सरकार ने ऑनलाइन सट्टेबाजी के विज्ञापनों पर रोक लगाई है,0,hinglish
EMI ka payment auto debit ho jayega har mahine ki paanch tarikh,0,hinglish
unibet live betting markets open for tonight football fixtures,1,betting
download your statement as a pdf from within,0,app_downloads_frag
बिजली का बिल ऑनलाइन भर दिया रसीद व्हाट्सएप पर आ गई,0,hinglish
apna homework kar liya kya shaam ko,0,hinglish_frag
betting id chahiye to whatsapp karo turant id mil jayegi,1,betting_hinglish
the side sealed the series with a convincing win at the venue,0,sports_news
the induction programme runs over three days for all new analysts,0,corporate
betterment of public infrastructure was the main election promise,0,everyday
completed instantly cashback on,1,betting_frag
yields eased after the inflation print came in lower than,0,finance_frag
customer offer bet 10 get 30 in,1,betting_frag
our newsletter shares monthly updates on infrastructure,0,tech_frag
junglee rummy welcome bonus play cash games instantly,1,betting
insurance premium jama kar diya policy renew ho gayi hai,0,hinglish
diabetes management requires regular monitoring and diet control,0,everyday
sarkar ne online gambling ke vigyapan par rok lagayi hai,0,hinglish
ने सट्टेबाजी चलाने वालों पर मुकदमा दर्ज किया,0,hinglish_frag
the compliance filing deadline has been extended by two weeks,0,corporate
scan the qr code to download the government services application,0,app_downloads
the manager confirmed the striker will miss the next three fixtures,0,sports_news
the health app syncs step count and sleep data from your watch,0,app_downloads
filing deadline has been extended,0,corporate_frag
vip tips channel paid subscription guaranteed winning predictions,1,betting
रिपोर्ट के अनुसार सट्टेबाजी से युवाओं को नुकसान,0,hinglish_frag
apni fantasy team me captain soch samajh kar chuno,0,hinglish
project milestone was delivered ahead of the agreed,0,corporate_frag
barred three entities from,0,government_advisory_frag
refer a friend and both get free bet credit on registration,1,betting
app lets you reserve books and renew,0,app_downloads_frag
india download the app and claim your welcome package,1,betting_frag
melbet promo code gives you a free bet on any cricket market,1,betting
benchmark indices ended the session in positive territory,0,finance
no deposit bonus claim your free bet without adding money,1,betting
the app requires permission to access notifications,0,app_downloads_frag
dost ko paise wapas kar diye google pay se turant,0,hinglish
instant refund mil gaya order cancel,0,hinglish_frag
campaign progress carries over,0,gaming_frag
the app requires permission to access notifications only,0,app_downloads
india ne kal ka match jeet liya poori team ne accha khela,0,hinglish
police ne satta matka racket pakda aur bees log giraftaar,0,hinglish
the test series after a commanding batting performance,0,sports_news_frag
we are planning a weekend hiking trip to the nearby hills,0,everyday
the puzzle game has over two hundred levels with increasing difficulty,0,gaming
banao aur doston ke saath private league,0,hinglish_frag
finish saw the match decided on the,0,sports_news_frag
library extended its opening hours during examination season,0,everyday_frag
patch notes describe balance changes to several weapon classes,0,gaming
cricket satta rate live IPL match ka bhav yahan milega,1,betting_hinglish
accumulator of the day five selections at combined odds,1,betting_frag
side sealed the series with a convincing win,0,sports_news_frag
सौ लगाओ और पाँच हज़ार जीतो गारंटी के साथ आज ही,1,betting_hinglish_frag
नया कानून ऑनलाइन बेटिंग ऐप्स पर प्रतिबंध लगाता है,0,hinglish
ministry issued an advisory on online gambling advertisements,0,government_advisory_frag
rain interrupted play for two hours before the umpires called,0,sports_news_frag
team announced squad for the upcoming tour of south africa,0,sports_news
your refund has been processed to the original payment method,0,ecommerce
benchmarks advanced as technology shares led,0,finance_frag
new guidelines require intermediaries to remove unlawful content,0,government_advisory
check player form and pitch report before finalising your lineup,0,fantasy_sports
mobile recharge ho gaya 299 ka plan activate hai ab,0,hinglish
ho gaya 299 ka plan activate hai ab,0,hinglish_frag
our library app lets you reserve books and renew loans remotely,0,app_downloads
से पैसा भेज दिया लेन,0,hinglish_frag
india won the test series after a commanding batting performance,0,sports_news
the stakeholder consultation runs until the end of the month,0,everyday
praised the fielding effort in the closing overs,0,sports_news_frag
bet365 new customer offer bet 10 get 30 in free bets,1,betting
build your fantasy team and compete with friends in the private league,0,fantasy_sports
index funds track the benchmark and carry lower expense ratios,0,finance
first deposit bonus matched up to 20000 rupees claim now,1,betting
the conference agenda covers privacy engineering and threat modelling,0,tech
andar bahar aur rummy me daily kamai karo bonus ke saath,1,betting_hinglish
the api documentation has been revised with new authentication examples,0,tech
engineers must renew their certification every twenty four months,0,corporate
expansion adds three maps and a ranked,0,gaming_frag
upi se paisa bhej diya hai transaction successful ho gaya,0,hinglish
ka bill online bhar diya receipt whatsapp,0,hinglish_frag
collect chips from daily quests to upgrade your base defences,0,gaming
the opener remained unbeaten as the innings closed on a high,0,sports_news
bonus claim your free bet without adding,1,betting_frag
बिजली का बिल ऑनलाइन भर दिया रसीद व्हाट्सएप,0,hinglish_frag
the racing simulator supports steering wheel peripherals,0,gaming
your fantasy squad must stay within the hundred,0,fantasy_sports_frag
mutual fund investments are subject to market risks read all documents,0,finance
the operations manual was revised after the periodic internal review,0,corporate
the conference agenda covers privacy engineering and,0,tech_frag
form and pitch report before finalising your lineup,0,fantasy_sports_frag
download the transit app to check live bus and metro timings,0,app_downloads
naya kanoon online betting apps par,0,hinglish_frag
the project milestone was delivered ahead of the agreed timeline,0,corporate
first deposit bonus matched up to 20000 rupees,1,betting_frag
update to the latest version of the app for improved security,0,app_downloads
the webinar on cloud security best practices is open for registration,0,tech
her inspiring speech at the conference received a standing ovation,0,everyday
factor authentication to protect your,0,tech_frag
offsite agenda includes strategy planning and team,0,corporate_frag
kohli ne shandaar century lagayi kal ke match me,0,hinglish
the motherboard chipset determines which processors are supported,0,tech
jackpot hit big spin and win up to,1,betting_frag
with guaranteed prize,1,betting_frag
aaj ka fix match jeetna pakka hai vip tips ke liye message karo,1,betting_hinglish
campaign launched to educate users about financial,0,government_advisory_frag
audit team requested supporting documents,0,corporate_frag
annual performance reviews will be scheduled through the hr portal,0,corporate
handicap betting markets available for every cricket fixture,1,betting
salary account me aa gayi hai aaj subah bank ka message aaya,0,hinglish
commentary team praised the fielding effort in the closing overs,0,sports_news
official app from the play store to manage your account,0,app_downloads_frag
only 3x withdraw your winnings,1,betting_frag
install the official app from the play store to manage your account,0,app_downloads
olympic qualification event schedule released,0,sports_news_frag
report ke mutabik satta se yuvaon ko nuksan ho raha hai,0,hinglish
me sabhi mobile phones par bhaari discount,0,hinglish_frag
naya kanoon online betting apps par pratibandh lagata hai,0,hinglish
premier league table update after this weekend round of matches,0,sports_news
यूपीआई से पैसा भेज दिया लेन देन सफल रहा,0,hinglish
channel paid subscription guaranteed winning,1,betting_frag
के कारण मैच दो घंटे देर से शुरू हुआ,0,hinglish_frag
the puzzle game has over two hundred levels with,0,gaming_frag
satta matka result aaj ka open close jodi panna sabse pehle yahan,1,betting_hinglish
andar bahar live dealer tables open now real cash withdrawals,1,betting
stadium renovation will be completed before the next home series,0,sports_news
selection tips for this week fantasy football deadline,0,fantasy_sports_frag
train ka ticket confirm ho gaya hai seat number bhi mil gaya,0,hinglish
crypto sportsbook deposit bitcoin and start betting,1,betting_frag
cricket satta rate live IPL match ka bhav,1,betting_hinglish_frag
police ne satta matka racket pakda aur bees,0,hinglish_frag
teen patti khelo aur asli paisa jeeto abhi download karo app,1,betting_hinglish
wagering requirement only 3x withdraw your winnings anytime,1,betting
baccarat tables with high roller limits open all,1,betting_frag
in play betting cash out available on all live markets,1,betting
the cyber cell warned citizens about fraudulent investment schemes,0,government_advisory
rummy circle cash games join tournaments and win real money,1,betting
ticket sales for the semi final open tomorrow morning online,0,sports_news
billing app now supports,0,app_downloads_frag
post match press conference discussed the bowling changes,0,sports_news
spin the character wheel to unlock cosmetic skins in the battle pass,0,gaming
barish ki wajah se match do ghante late shuru,0,hinglish_frag
fund investments are subject to market risks read all,0,finance_frag
fixed match available today 100 percent sure win dm for tips,1,betting
over under 2.5 goals market best odds guaranteed on all games,1,betting
the visitors chased down the target with three overs to spare,0,sports_news
salary account me aa gayi hai aaj subah bank ka,0,hinglish_frag
live baccarat tables with high roller limits open all night,1,betting
olympic qualification event schedule released by the federation,0,sports_news
the central bank kept the repo rate unchanged at,0,finance_frag
recipe calls for potato chips crushed over the casserole,0,everyday_frag
fantasy cricket league standings updated after yesterday matches,0,fantasy_sports
the coach said the training camp focused on fitness and recovery,0,sports_news
announced squad for the upcoming tour of,0,sports_news_frag
spinach and lentils simmered together make a simple weeknight dish,0,everyday
the central bank left the policy rate unchanged at this review,0,finance
aur rummy me daily kamai karo bonus ke,1,betting_hinglish_frag
moneyline and spread betting on every nba game tonight,1,betting
alphabet is used to spell names over the,0,everyday_frag
broke the national record in the 400,0,sports_news_frag
the rupee strengthened against the dollar in early trading,0,finance
mod apk unlimited chips hack working 2025,1,betting_frag
portfolio diversification reduces exposure to,0,finance_frag
ipl match prediction today who will win join our telegram group,1,betting
our servers will undergo scheduled maintenance this weekend,0,tech
of a monsoon delay are higher in coastal,0,everyday_frag
500 lagao aur 5000 jeeto guarantee ke saath aaj,1,betting_hinglish_frag
the art exhibition opens on friday evening at the city gallery,0,everyday
betting cash out available on all,1,betting_frag
capital gains tax applies to units redeemed,0,finance_frag
requires regular monitoring,0,everyday_frag
co op campaign progress carries over between play sessions,0,gaming
the audit team requested supporting documents for last quarter,0,corporate
usdt and play our provably fair dice,1,betting_frag
cyber cell warned citizens about fraudulent,0,government_advisory_frag
spinach and lentils simmered together make a simple,0,everyday_frag
dafabet sportsbook best odds on every IPL fixture this season,1,betting
opener remained unbeaten as the innings closed,0,sports_news_frag
spread betting on every,1,betting_frag
please water the plants while we are away next week,0,everyday
and fancy tips available contact for,1,betting_frag
spin the wheel daily and claim your free casino chips,1,betting
the company reported revenue growth of twelve percent year on,0,finance_frag
book your railway tickets through the official reservation portal,0,everyday
upi se paisa bhej diya hai transaction successful,0,hinglish_frag
वेतन खाते में आ गया है बैंक का संदेश सुबह आया,0,hinglish
sign up for the free online workshop about secure coding,0,tech
cabin crew undergo recurrent emergency drills twice every year,0,corporate
ASCI ne betting vigyapan dikhane par channel ko notice bheja,0,hinglish
kaha hai ki KYC branch me jakar update karwa lein,0,hinglish_frag
portfolio diversification reduces exposure to any single sector,0,finance
online casino me khelo jackpot jeetne ka sunehra mauka,1,betting_hinglish
the captain scored a century in the second innings at eden gardens,0,sports_news
prediction today who will win join,1,betting_frag
ended the session in positive territory,0,finance_frag
awareness campaign launched to educate users about financial fraud,0,government_advisory
me khelo jackpot jeetne ka,1,betting_hinglish_frag
includes security patches and performance improvements,0,tech_frag
tips guaranteed win every match no loss,1,betting_frag
the offsite agenda includes strategy planning and team activities,0,corporate
from daily quests to upgrade,0,gaming_frag
the open source library reached its first stable release this week,0,tech
dm for tips guaranteed win every match no loss guarantee,1,betting
captain and vice captain choices can double your fantasy points,0,fantasy_sports
bond yields eased after the inflation print came in lower than expected,0,finance
are scheduled each quarter,0,corporate_frag
railway tickets through the official reservation portal,0,everyday_frag
सरकार ने ऑनलाइन सट्टेबाजी के विज्ञापनों पर रोक लगाई है,0,hinglish
william hill acca boost on all premier league,1,betting_frag
aaj barish ki wajah se match do ghante late shuru hua,0,hinglish
will undergo scheduled maintenance this weekend,0,tech_frag
the mobile banking application is available on android and ios,0,app_downloads
रिपोर्ट के अनुसार सट्टेबाजी से युवाओं को नुकसान हो रहा है,0,hinglish
the central bank kept the repo rate unchanged at its policy meeting,0,finance
you saved is now back in stock in your selected,0,ecommerce_frag
crew must revalidate their type rating once,0,corporate_frag
the seasonal sale offers discounts across electronics and apparel,0,ecommerce
क्रिकेट सट्टा रेट लाइव आईपीएल मैच का भाव यहाँ उपलब्ध है,1,betting_hinglish
betting vigyapan dikhane par channel ko,0,hinglish_frag
a thrilling finish saw the match decided on the final delivery,0,sports_news
notes describe balance changes to several,0,gaming_frag
tournament finals will be streamed,0,gaming_frag
the odds of a monsoon delay are higher in coastal districts,0,everyday
क्रिकेट सट्टा रेट लाइव आईपीएल मैच का भाव यहाँ,1,betting_hinglish_frag
cash games join tournaments and,1,betting_frag
index funds track the benchmark and carry,0,finance_frag
app syncs step count and sleep data from your,0,app_downloads_frag
strengthened against the dollar in early trading,0,finance_frag
spin the wheel daily and claim your,1,betting_frag
your fantasy squad must stay within the hundred credit budget,0,fantasy_sports
performance reviews will be scheduled through,0,corporate_frag
the onboarding session for new joiners begins at ten in the morning,0,corporate
odds india 1.85 australia 2.10 place your bet,1,betting_frag
seasonal sale offers discounts across electronics and apparel,0,ecommerce_frag
table update after this weekend round of,0,sports_news_frag
markets available for every cricket,1,betting_frag
the webinar on cloud security best practices is,0,tech_frag
teen patti gold download and get free chips on first login,1,betting
ticket sales for the semi final open tomorrow morning,0,sports_news_frag
भारत ने कल का मैच जीत लिया पूरी टीम ने अच्छा,0,hinglish_frag
teen patti gold download and get free chips,1,betting_frag
account statement for the last quarter is available to download,0,finance_frag
renew their certification every twenty,0,corporate_frag
सट्टा मटका का रिजल्ट आज ओपन क्लोज यहाँ सबसे,1,betting_hinglish_frag
bank ne kaha hai ki KYC branch me jakar update karwa lein,0,hinglish
payment auto debit ho jayega har mahine ki paanch,0,hinglish_frag
kindly confirm your attendance for the stakeholder review meeting,0,corporate
toss prediction and match winner prediction accurate,1,betting_frag
ne shandaar century lagayi kal ke,0,hinglish_frag
equity benchmarks advanced as technology shares led the rally,0,finance
the latest version of the app for improved security,0,app_downloads_frag
migration completed without any reported,0,tech_frag
stake com crypto sportsbook deposit bitcoin and start betting now,1,betting
deposit usdt and play our provably fair dice game instantly,1,betting
the new expansion adds three maps and a ranked competitive mode,0,gaming
पाँच सौ लगाओ और पाँच हज़ार जीतो गारंटी के साथ आज ही,1,betting_hinglish
track your shipment using the reference number in this message,0,ecommerce
junglee rummy welcome bonus play cash games,1,betting_frag
correcting the clerical mistake required refiling the whole,0,everyday_frag
पुलिस ने सट्टा मटका गिरोह पकड़ा बीस लोग गिरफ्तार हुए,0,hinglish
inspiring speech at the conference received a standing,0,everyday_frag
reimbursement claims must be filed within thirty days of travel,0,corporate
session and fancy tips available contact for paid membership,1,betting
registration bonus credited instantly to,1,betting_frag
machine learning models require careful validation before deployment,0,tech
capital gains tax applies to units redeemed within one year,0,finance
took five wickets in a memorable spell of fast,0,sports_news_frag
1xbet welcome bonus 100 percent on your first deposit sign up today,1,betting
betting app mod apk unlimited chips hack working 2025,1,betting
diwali sale me sabhi mobile phones par bhaari discount,0,hinglish
win tips daily free tips in our whatsapp,1,betting_frag
your account statement for the last quarter is available to download,0,finance
public notice regarding unauthorised deposit collection schemes,0,government_advisory
team me captain soch,0,hinglish_frag
the onboarding session for new joiners begins at ten in,0,corporate_frag
quarterly earnings beat analyst expectations across the sector,0,finance
the recipe calls for potato chips crushed over the casserole,0,everyday
beta apna homework kar liya kya shaam ko khelne jana hai,0,hinglish
baithe roz kamao satta king se lakhon rupay har din,1,betting_hinglish_frag
parimatch india download the app and claim your welcome package,1,betting
आज बारिश के कारण मैच दो घंटे देर से शुरू हुआ,0,hinglish
get free 500 rupees credit on signup minimum deposit only 100,1,betting
कानून ऑनलाइन बेटिंग ऐप्स पर प्रतिबंध,0,hinglish_frag
match available today 100 percent sure win dm for tips,1,betting_frag
भारत ने कल का मैच जीत लिया पूरी टीम ने अच्छा प्रदर्शन किया,0,hinglish
correcting the clerical mistake required refiling the whole form,0,everyday
morning yoga sessions are held in the park at six thirty,0,everyday
sportsbook best odds on every IPL fixture this season,1,betting_frag
shipment using the reference number,0,ecommerce_frag
quarterly earnings beat analyst expectations,0,finance_frag
premium jama kar diya policy renew,0,hinglish_frag
scored a century in the second innings at eden,0,sports_news_frag
our tipster has won 18 of last 20 bets subscribe for daily picks,1,betting
sessions are held in the park at six thirty,0,everyday_frag
the commission published its annual report on consumer complaints,0,government_advisory
the item you saved is now back in stock in your selected size,0,ecommerce
ko paise wapas kar diye google pay se turant,0,hinglish_frag
software update includes security patches and performance improvements,0,tech
kindly confirm your attendance for the stakeholder review,0,corporate_frag
spin the character wheel to unlock cosmetic skins in,0,gaming_frag
train ka ticket confirm ho gaya hai seat number bhi,0,hinglish_frag
refresher sessions are scheduled each quarter for frontline staff,0,corporate
systematic investment plans help average out purchase cost over time,0,finance
the court directed platforms to comply with takedown requirements,0,government_advisory
the induction programme runs over three days for,0,corporate_frag
state government announced restrictions on real,0,government_advisory_frag
enable two factor authentication to protect your account,0,tech
must be filed within thirty days of travel,0,corporate_frag
fantasy cricket league standings updated,0,fantasy_sports_frag
the api documentation has been revised with new authentication,0,tech_frag
बिल ऑनलाइन भर दिया रसीद आ गई है,0,hinglish_frag
पत्ती खेलो और असली पैसा जीतो अभी ऐप डाउनलोड,1,betting_hinglish_frag
ka schedule aa gaya hai pehla match,0,hinglish_frag
slot machine jackpot hit big spin and win up to 10 lakh,1,betting
refund has been processed to the original payment,0,ecommerce_frag
match odds india 1.85 australia 2.10 place your bet before toss,1,betting
sure win tips daily free tips in our whatsapp group join fast,1,betting
operations manual was revised after the periodic internal review,0,corporate_frag
download our betting app apk direct link no play store needed,1,betting
undergo recurrent emergency drills twice every,0,corporate_frag
कोहली ने कल के मैच में शानदार शतक लगाया,0,hinglish
scan the qr code to download the government,0,app_downloads_frag
दीवाली सेल में सभी मोबाइल फोन पर भारी छूट उपलब्ध है,0,hinglish
vice captain choices can double your fantasy points,0,fantasy_sports_frag
accumulator of the day five selections at combined odds of 12.0,1,betting
सट्टा मटका का रिजल्ट आज ओपन क्लोज यहाँ सबसे पहले देखें,1,betting_hinglish
toss prediction and match winner prediction accurate reports,1,betting
has won 18 of last 20 bets subscribe for daily picks,1,betting_frag
jeeto instant withdrawal paytm upi,1,betting_hinglish_frag
ne satta chalane wale gang ke khilaf case,0,hinglish_frag
banking application is available on android and ios,0,app_downloads_frag
developers can now access the sandbox environment,0,tech_frag
your order has been dispatched and will arrive within two days,0,ecommerce
lagao aur jeeto instant withdrawal paytm upi se turant paisa,1,betting_hinglish
the security awareness training module is now open for enrolment,0,tech
join betfair exchange and back or lay any market you like,1,betting
coach said the training camp focused on fitness and,0,sports_news_frag
code gives you a free bet on any cricket,1,betting_frag
revised their price target after the earnings call,0,finance_frag
state government announced restrictions on real money gaming apps,0,government_advisory
employees are reminded to complete the mandatory safety,0,corporate_frag
the plants while we are away,0,everyday_frag
matka result aaj ka open close jodi panna,1,betting_hinglish_frag
player selection tips for this week fantasy football deadline,0,fantasy_sports
investment plans help average out purchase cost over,0,finance_frag
highlights of yesterday match are now available on the official channel,0,sports_news
ka fix match jeetna pakka hai vip tips ke liye message,1,betting_hinglish_frag
window for this item closes seven,0,ecommerce_frag
the spinal surgery recovery period is usually about six weeks,0,everyday
bond yields eased after the inflation print came,0,finance_frag
the advisory lists warning signs of suspicious online offers,0,government_advisory
surgery recovery period is usually about,0,everyday_frag
bijli ka bill online bhar diya receipt whatsapp par aa gayi,0,hinglish
online gambling ke vigyapan par,0,hinglish_frag
ghar baithe roz kamao satta king se lakhon rupay har din,1,betting_hinglish
आज का फिक्स मैच पक्का जीत वीआईपी टिप्स के लिए संपर्क करें,1,betting_hinglish
of public infrastructure was the,0,everyday_frag
फिक्स मैच पक्का जीत वीआईपी टिप्स के लिए,1,betting_hinglish_frag
chipset determines which processors are supported,0,tech_frag
bond yields eased after the inflation print came in softer,0,finance
your fantasy team and compete with friends in,0,fantasy_sports_frag
दीवाली सेल में सभी मोबाइल फोन पर भारी,0,hinglish_frag
the company reported revenue growth of twelve percent year on year,0,finance
the athlete broke the national record in the 400 metre final,0,sports_news
the ministry issued an advisory on online gambling advertisements,0,government_advisory
analysts revised their price target after the earnings call,0,finance
rollover completed instantly cashback on every losing bet,1,betting
bijli ka bill online bhar diya receipt whatsapp par aa gayi,0,hinglish
return window for this item closes seven days after delivery,0,ecommerce
the advisory lists warning signs of suspicious,0,government_advisory_frag
